"","ID","Ehdotus","Budjetti","Äänet","Suurpiiri","Teema","Osoite","Latitude","Longitude","Tilanne","Edistyminen","Kuvaus","Ajankohtaista","Vastuutaho","Päivitetty"
"1",161,"Keinuja myös liikuntavammaisille ",35000,292,"Läntinen","Ulkoilu ja liikunta","Munkkiniemi",60.19,24.87,"Suunnittelu",20,"<p>Hankkeessa vaihdetaan oleviin keinuihin liikuntavammaisille lapsille soveltuvia keinuja. Lopullista sijaintia/sijainteja selvitetään vielä kaupungin sisäisenä työnä ennen keinujen tilaamista ja asentamista.<br><br>Hankkeen edistymisestä tiedotetaan tällä sivulla.</p>","<p></p>","Kaupunkiympäristö KYMP, Maankäyttö ja kaupunkirakenne, Kaupunkitila- ja maisemasuunnittelu","2025-01-17T14:44:04+02:00"
"2",162,"Lisää niittyjä ja niittytoimintaa - luonnonketoja ja villiniittyjä",1e+05,671,"Läntinen","Puistot ja luonto",NA,NA,NA,"Suunnittelu",25,"<p>Kevään yhteiskehittämisvaiheessa kaupungin asiantuntijat kävivät läpi kaikki kaupunkilaisten toiveet niittyjen sijainneista. Esisuunnitteluvaiheessa ensisijaisiksi kohteiksi tässä hankkeessa valikoituivat:<br><br>1. Trumpettipuisto<br>2. Kauppalanpuisto<br><br>Suunnittelun alkuvaiheessa sijainnit käydään vielä huolellisesti läpi niittyverkoston näkökulmasta. Tarkempia tietoja suunnitteluratkaisuista päivitetään tälle sivulle suunnittelun edetessä. Suunnitelmien valmistumisen tavoiteaikataulu on alkuvuodesta 2025. Suunnittelun jälkeen hanke siirtyy rakennuttamiseen ja urakan valmisteluun, minkä jälkeen niittykohteet toteutetaan maastoon uusniittyinä tai hototapamuutoksilla.<br><br>Tavoitteena on myös lisätä tietoisuutta erilaisista niityistä, ja tämä osuus toteutetaan hankkeessa infotauluina niittykohteissa.<br><br>Suunnittelun aikaisesta vuorovaikutuksesta (esimerkiksi suunnitelmiin tutustumiesta ja kommentoinnista tällä sivulla) tiedotetaan vielä erikseen.<br><br></p>","<p><p>Hankkeen suunnittelu on edennyt loppusuoralle. Kauppalanpuiston ja Trumpettipuiston alueilta on valittu niityksi muutettavia nurmialueita ja hankkeessa perustetaan lisäksi kaksi niittyä, joista kaupunkilaiset voivat kerätä niittykukkia. Niittyjen oheen asennetaan infotaulut, joissa niittytyypeistä kerrotaan tarkemmin.</p><p>Voit tutustua suunnitelmaluonnokseen, joka löytyy tältä sivulta liitteenä. Rakennettavien niittyjen urakka-aikataulu päivitetään tälle sivulle myöhemmin.</p></p>","Kaupunkiympäristö KYMP, Maankäyttö ja kaupunkirakenne, Kaupunkitila- ja maisemasuunnittelu","2025-04-10T12:12:15+03:00"
"3",163,"Grillauspaikkoja eteläiseen Helsinkiin! - Matruusinpuiston tilapäinen grillipaikka",250000,778,"Eteläinen","Puistot ja luonto","Matruusinpuisto",60.166471,24.978348,"Toteutus",40,"<p>Kaupunki on löytänyt grillaamiseen soveltuvan paikan Katajanokasta, lähellä Matruusinpuistoa. Alue on siirtynyt kaupunkiympäristön hallintaan syksyllä 2024. Alueen siistimistä ja elävöittämistä on suunniteltu yhdessä asukkaiden kanssa.<br>Rannan läheisyyteen suunnitellaan grillipaikka, uusia kalusteita ja monipuolista kasvillisuutta. Lisäksi jatketaan puistokäytäviä ja siistitään ylikasvanutta kasvillisuutta.<br>Suunnittelu käynnistyi marraskuussa 2024 ja alustavia ideoita esiteltiin asukkaille alkuvuodesta 2025.<br>Alueella ei ole voimassa olevaa asemakaavaa ja mm. sen vuoksi grillipaikka on väliaikainen.<br>Asukkaat kutsuttiin vuorovaikutustilaisuuteen, joka pidettiin teamskokouksena 22.1.2025.<br><br>Liitteessä löytyy alueen suunnitelma. Rakentaminen on tarkoitus alkaa kesällä 2025.</p>","<p><p>Suunnitelmat ovat valmistuneet. Tutustu liitteessä olevaan asemapiirustukseen. Grillipaikka toteutetaan väliaikaisena toimintona.</p></p>","Kaupunkiympäristö KYMP","2025-05-06T12:14:42+03:00"
"4",164,"Herttoniemen Metroaseman ympäristö viihtyisämmäksi",150000,1972,"Kaakkoinen","Rakennettu ympäristö","Hiihtomäentie ",60.2,25.03,"Suunnittelu",15,"<p>Omastadi-hankkeen kautta tehtävät viihtyisyyttä lisäävät toimenpiteet yhteensovitetaan alueen muiden menossa olevien kunnostushankkeiden kanssa.<br><br>Omastadi-hankkeessa kaupunki tekee yhteystyötä Kaupunkiliikenne Oy:n kanssa metroaseman viihtyisyyden lisäämikseksi. Metroaseman ympäristö uudistetaan ja alueelle tuodaan mm. uutta valaistusta, istutuksia sekä penkkejä.</p>","<p></p>","Kaupunkiympäristö KYMP","2025-05-07T13:09:01+03:00"
"5",165,"Nuorten toiveesta katuvaloja pimeille alueille.",35000,341,"Pohjoinen","Rakennettu ympäristö","Pakilantie ",60.25,24.92,"Esivalmistelu",0,"<p></p>","<p></p>","Kaupunkiympäristö KYMP, Maankäyttö ja kaupunkirakenne, Kaupunkitila- ja maisemasuunnittelu","2024-07-29T14:19:32+03:00"
"6",166,"Uimalaituri Pikku Huopalahden läheisyyteen",1e+05,693,"Läntinen","Ulkoilu ja liikunta","Tilkankatu ",60.2,24.89,"Suunnittelu",20,"<p>Kaupunki ottaa huomioon yhteiskehittämisvaiheessa esille tulleet sijainnit ja toiveet.<br><br>Ensimmäisessä työvaiheessa kaupungin liikuntapalveluita edustava projektikoordinaattori neuvottelee alueiden maisema-arkkitehtien sekä vedenlaadun tuntevien asiantuntijoiden kanssa uimapaikan sopivasta sijainneista.<br><br>Toisessa vaiheessa valmistellaan laiturin suunnitelma Stadi sivustolle kommentoitavaksi. Tässä vaiheessa kuntalainen voi omilla perusteluilla kommenteillaan vielä vaikuttaa toteutustapaan  ja muihin yksityiskohtiin.<br><br>Kolmannessa vaiheessa toteutetaan uimapaikka sovittuun sijaintiin.</p>","<p>Laiturin suunnittelutyö käynnistyy talven aikana, ja tarkka sijainti tarkentuu prosessin edetessä. Tällä hetkellä yhtenä mahdollisena sijaintina tarkastellaan Meilahden kartanon läheistä vesialuetta.<br><br>Alueen veden mataluus ja heikko veden vaihtuvuus vaikuttavat kuitenkin siihen, että laituria ei todennäköisesti voida toteuttaa talvi- tai kesäuintipaikkana. Lisäksi veneliikenne tuo omat haasteensa turvallisen uintipaikan toteuttamiselle.<br><br>Laituri tullaan todennäköisesti rakentamaan oleskelulaituriksi, josta vierailijat voivat nauttia luonnosta, maisemista ja vaikka omista eväistään veden äärellä.<br><br>Suunnitelmat tarkentuvat talven aikana, ja tiedotamme hankkeen etenemisestä, kun yksityiskohdat vahvistuvat.</p>","Kulttuuri ja vapaa-aika KUVA, Liikunta, Oleg Jauhonen","2025-01-03T09:48:12+02:00"
"7",167,"Helsingin saaristoon ilman omaa venettä",150000,602,"Itäinen","Ulkoilu ja liikunta","Naulakalliontie ",60.24,25.11,"Toteutus",70,"<p>Kaupunki ottaa huomioon yhteiskehittämisvaiheessa esille tulleet kohteita ja lähtöpaikkoja koskevat toiveet.<br><br>Ensimmäisessä työvaiheessa kaupungin liikuntapalveluita edustava projektikoordinaattori neuvottelee kaupungin sisällä asiantuntijoiden kanssa mahdollisten laiturien kunnostustarpeesta sekä kartoittaa mahdollisia operaattoreita yhteydelle.<br><br>Toisessa vaiheessa valmistellaan  suunnitelma Stadi sivustolle kommentoitavaksi. Tässä vaiheessa kuntalainen voi omilla perusteluilla kommenteillaan vielä vaikuttaa sisältöön ja muihin yksityiskohtiin.<br><br>Kolmannessa vaiheessa toteutetaan kokonaisuus sovitulla tavalla.</p>","<p><p>Vesiliikennekartta ja aikataulu on ladattu sivustolle ja ne löytyy kohdasta liitteet.</p><p>Oma-Stadin väki toivottaa kaikille mukavia matkoja Helsingin merellisessä miljöössä.</p></p>","Kulttuuri ja vapaa-aika KUVA, Liikunta, Ulkoilupalvelut, Oleg Jauhonen","2025-05-14T10:33:23+03:00"
"8",168,"Kukkaloistoa ihmisille ja pölyttäjille",2e+05,638,"Koillinen","Puistot ja luonto","Halmetie ",60.26,25.02,"Suunnittelu",30,"<p>Hanketta yhteiskehitettiin kaupunkilaisten kanssa keväällä 2024. Yhteiskehittämisen jälkeen kaupungin asiantuntijat kävivät kaikki kaupunkilaisten toivomat sijainnit läpi. Sijaintitoiveista valikoitui seuraavat paikat kukkaloisto-ehdotukselle:<br><br>1. Kurranummen leikkipuiston lähialue<br>2. Kottaraispuisto. Suunnittelun esivalmistelussa kävi ilmi, että Hiidenkivenpuisto on monimuotoinen jo nyt, joten toiseksi suunnittelualueeksi kukkaloistolle valikoitui lähialueella sijaitseva Kottaraispuisto.<br><br>Suunnitteluun sisältyy erilaisten kasvillisuusalueiden määrittäminen valikoiduille alueille. Lajivalinnoissa huomioidaan monimuotoisuus ja se pyritään totetuttamaan erilaisin ratkaisuin, esimerkiksi kukkivina niittyinä tai dynaamisia perenna-alueina.<br><br>Tarkempia tietoja suunnitteluratkaisuista päivitetään tälle sivulle suunnittelun edetessä. Suunnitelmat ovat arviolta valmiina alkuvuodesta 2025.</p>","<p>Koillisen suurpiirin kukkaloisto -hankkeen suunnitelmat ovat viimeistelyä vaille valmiit. Suunnitelmaluonnokset löytyvät tältä sivulta liitteenä.</p>","Kaupunkiympäristö KYMP, Maankäyttö ja kaupunkirakenne, Kaupunkitila- ja maisemasuunnittelu","2025-03-12T10:28:18+02:00"
"9",169,"Lisää ulkokuntosaleja pohjoiselle suurpiirille",296636,517,"Pohjoinen","Ulkoilu ja liikunta","Oulunkyläntie ",60.23,24.96,"Toteutus",50,"<p>Kaupunki ottaa huomioon yhteiskehittämisvaiheessa esille tulleet ulkokuntosalien sijainnit ja laitetoiveet.<br><br>Ensimmäisessä työvaiheessa kaupungin liikuntapalveluita edustava projektikoordinaattori neuvottelee alueiden maisema-arkkitehtien kanssa ulkokuntosaleille sopivista sijainneista. <br><br>Toisessa vaiheessa valmistellaan ulkokuntosalin suunnitelma kuntosalilaitteineen ja lisätään se Oma-Stadi sivustolle kommentoitavaksi. Tässä vaiheessa kuntalainen voi omilla perusteluilla kommenteillaan vielä vaikuttaa laitesisältöön ja muihin yksityiskohtiin.<br><br>Kolmannessa vaiheessa toteutetaan ulkokuntosali sovittuun paikkaan. Projektiin varattu raha riittää yhteen isoon tai kahteen pienempään ulkokuntosaliin. <br><br>Sijainnissa pyritään ottamaan huomioon lähiliikuntapaikka ohjelman katvealueet, jotta lähiliikuntapaikat olisivat mahdollisimman hyvin saavutettavissa sopivan etäisyyden päästä kaikille helsinkiläisille. <br></p>","<p><p>Hankerahoituksella toteutettu Paloheinän ulkokuntosalin laajennus on valmistunut ja osoittautunut jo nyt erittäin suosituksi harjoittelupaikaksi. Seuraavaksi käynnistämme Pakilan uimarannan ulkokuntosalin suunnittelun jäljellä olevien hankerahoitusten turvin. Tavoitteena on, että uusi ulkokuntosali Pakilan uimarannalle valmistuu vuoden 2026 aikana.</p></p>","Kulttuuri ja vapaa-aika KUVA, Liikunta, Liikuntapaikat, Oleg Jauhonen","2025-05-13T13:29:25+03:00"
"10",170,"Saaristoveneyhteys Lauttasaari-Pihlajasaari-Vallisaari-Lonna",2e+05,1087,"Eteläinen","Ulkoilu ja liikunta","Tammasaarenlaituri ",60.16,24.9,"Suunnittelu",15,"<p><br>Kaupunki ottaa huomioon yhteiskehittämisvaiheessa esille tulleet sijainnit ja toiveet reiteistä ja palvelukokonaisuudesta.<br>Ensimmäisessä työvaiheessa kaupungin liikuntapalveluita edustava projektikoordinaattori neuvottelee alueiden maisema-arkkitehtien kanssa laiturin sopivista sijainneista sekä liikennöitsijöiden kiinnostuksesta reittiä kohtaan.<br>Toisessa vaiheessa valmistellaan palvelun suunnitelma Stadi sivustolle kommentoitavaksi. Tässä vaiheessa kuntalainen voi omilla perusteluilla kommenteillaan vielä vaikuttaa sisältöön ja muihin yksityiskohtiin.<br>Kolmannessa vaiheessa toteutetaan palvelu sovitulla tavalla.<br></p>","<p><p>Helsinki kaupunki on selvittänyt vaihtoehtoisia paikkoja Lauttasaaressa vesibussilaiturin sijoittamiseksi. Vesiliikenneyrittäjiltä saadun palautteen perusteella ylivoimaiseksi sijaintipaikaksi on ehdotettu Lauttasaaren kaakkoiskulmalla sijaitsevaa HSK:n venesatamaa. Tarkemmat suunnitelmat tulevat kommentoitavaksi tälle sivustolle 19.5.2025.</p></p>","Kulttuuri ja vapaa-aika KUVA, Liikunta, Ulkoilupalvelut, Oleg Jauhonen","2025-05-13T12:28:10+03:00"
"11",171,"Lisää ulkokuntosaleja itäiselle suurpiirille",350000,596,"Itäinen","Ulkoilu ja liikunta",NA,NA,NA,"Suunnittelu",25,"<p>Kaupunki ottaa huomioon yhteiskehittämisvaiheessa esille tulleet ulkokuntosalien sijainnit ja laitetoiveet.<br><br>Ensimmäisessä työvaiheessa kaupungin liikuntapalveluita edustava projektikoordinaattori neuvottelee alueiden maisema-arkkitehtien kanssa ulkokuntosaleille sopivista sijainneista. <br><br>Toisessa vaiheessa valmistellaan ulkokuntosalin suunnitelma kuntosalilaitteineen ja lisätään se Oma-Stadi sivustolle kommentoitavaksi. Tässä vaiheessa kuntalainen voi omilla perusteluilla kommenteillaan vielä vaikuttaa laitesisältöön ja muihin yksityiskohtiin.<br><br>Kolmannessa vaiheessa toteutetaan ulkokuntosali sovittuun paikkaan. Projektiin varattu raha riittää yhteen isoon tai kahteen pienempään ulkokuntosaliin. <br><br>Sijainnissa pyritään ottamaan huomioon lähiliikuntapaikka ohjelman katvealueet, jotta lähiliikuntapaikat olisivat mahdollisimman hyvin saavutettavissa sopivan etäisyyden päästä kaikille helsinkiläisille. <br></p>","<p>Hei,<br><br>Liikuntapalveluiden edustajat ja kaupungin maisema-arkkitehdit ovat päättäneet alustavasti ulkokuntosalien sijainneista.<br><br>-Keulapuisto (Rastila/Vuosaari) - Uusi ulkokuntosali<br><br>- Aurinkolahden uimaranta - Lisää uusia laitteita <br><br>Tämän lisäksi Ison kallahden uimarannan ulkokuntosali uudistuu kaupungin investointirahoista kokonaisuudessaan.</p>","Kulttuuri ja vapaa-aika KUVA, Liikunta, Liikuntapaikat, Oleg Jauhonen","2025-01-02T09:33:49+02:00"
"12",172,"Lampaat vieraslajien torjujiksi (selvitystyö)",35000,327,"Itäinen","Puistot ja luonto","Naulakalliontie ",60.24,25.11,"Suunnittelu",10,"<p>1) Ensin kaupungin omat asiantuntijat selvittävät sopivia kohteita itäisestä Helsingistä. Tämän jälkeen palkataan sopiva alan tunteva konsultti selvittämään edellä mainittujen kohteiden soveltuutta eli soveltuvatko kohteet lampaiden laidunmaaksi ja miten ko. paikkojen vieraslajeja voi vähentää lampaiden avulla.<br><br>2) Hankkeeseen löydettiin 10 selvityskohdetta itäisestä Helsingistä. Näitä kohteita ovat: Kulosaaren kartanon ympäristö, Vuosaaren täyttömäki, Jollaksen kartano, Bredbacka, Fastholma, Tankovainion niityt, Meri-Rastilan metsä, Ison Kallahden puisto, Linnanpuisto ja Puotilan kartano.<br><br>Hankkeeseen palkattiin ProAgrian konsultti edistämään hanketta kaupungin asiantuntijoiden ohjauksella. <br><br>3) Aikajana: <br>-Lokakuu, hanke käynnistyy: asiantuntijapalaveri, jossa kohteiden valinta<br>-Marraskuu; konsultin palkkaus<br>-Joulukuu, aloituspalaveri konsulttivetoisesti<br>-Alkuvuosi 2025 taustatietojen analysointi kohteista<br>-Kevät ja kesä 2025, valittujen kohteiden vieraslajien inventointi ja soveltuuvuuden arviointi paimennukseen<br>-Syksy 2025, loppuraportti ja hankkeen päätös--  > tästä seuraa mhdolliset konkreettiset paimennussuunnitelmat valituille vieraslajikohteille</p>","<p></p>","Kaupunkiympäristö KYMP","2024-12-11T11:53:31+02:00"
"13",173,"Talviuintipaikka",2e+05,999,"Eteläinen","Ulkoilu ja liikunta","Tammasaarenlaituri ",60.16,24.9,"Toteutus",40,"<p>Kaupunki ottaa huomioon yhteiskehittämisvaiheessa esille tulleet sijainnit ja toiveet.<br><br>Ensimmäisessä työvaiheessa kaupungin liikuntapalveluita edustava projektikoordinaattori neuvottelee alueiden maisema-arkkitehtien kanssa talviuintipaikan sopivista sijainneista. Lisäksi selvitetään talviuintipaikan operaattoriin liittyvi mahdollisuuksia.<br><br>Toisessa vaiheessa valmistellaan talviuintipaikan suunnitelma Stadi sivustolle kommentoitavaksi. Tässä vaiheessa kuntalainen voi omilla perusteluilla kommenteillaan vielä vaikuttaa sisältöön ja muihin yksityiskohtiin.<br><br>Kolmannessa vaiheessa toteutetaan talviuintipaikka sovittuun paikkaan.</p>","<p><p><strong>Talviuintipaikan rakennustyöt ja kilpailutus</strong></p><p>Talviuintipaikan rakennustyöt on tarkoitus toteuttaa kesän ja syksyn 2025 aikana. Rakentaminen rahoitetaan OmaStadi-määrärahoilla, ja työt sisältävät:</p><ul><li><p>Kehämuotoisen laiturin rakentamisen</p></li><li><p>Lämmitettävien talviuintiportaiden asentamisen</p></li><li><p>Veden sulanapitopumppujen asennuksen</p></li></ul><p>Kehämuotoisen laiturin tavoitteena on estää jäiden pääsy uintialueelle sekä rajata uintialue turvallisesti erilleen veneväylästä.</p><p>Sauna- ja talviuintitoiminnan kilpailutus on käynnistynyt ja jatkuu 1.6.2025 saakka. Tavoitteena on löytää yhteistyökumppani, joka pystyy tarjoamaan laadukasta talviuinti- ja saunatoimintaa alueella. Saunan ja pukuhuoneiden rakennusluvat sekä rakentamisen kustannukset ovat yhteistyökumppanin vastuulla.</p><p>Tavoitteena on aloittaa talviuintitoiminta talvella 2025.</p></p>","Kulttuuri ja vapaa-aika KUVA, Liikunta, Ulkoilupalvelut, Oleg Jauhonen","2025-04-25T12:14:28+03:00"
"14",174,"Mätäjoen siistiminen",35000,855,"Läntinen","Puistot ja luonto","Klaneettitie ",60.24,24.88,"Esivalmistelu",0,"<p>Hanke on suunniteltu toteutettavaksi pienvesissä esiintyvien haitallisten vieraslajien, isosorsimon ja kanadanruton torjuntana. Näiden lajien torjumiseksi kaupunki laatii torjuntasuunnitelman.<br><br>Hanke on esivalmistelussa, ja toteutuksen aikataulusta viestitään tällä sivulla.</p>","<p></p>","Kaupunkiympäristö KYMP","2025-01-13T10:26:27+02:00"
"15",175,"Nurmialueita niityiksi",250000,553,"Itäinen","Puistot ja luonto","Naulakalliontie ",60.24,25.11,"Suunnittelu",35,"<p>Hankkeen suunnittelun aikana valikoidut kohteet:<br><br>1. Liinamaanpuisto<br>Liinamaanpuiston avoimelle alueelle kylvetään kukka- ja heinäkasvien niitty. Kohde sijaitsee Keski-Vuosaaressa, Vuosaaren puistopolun vareella. Niittykohteeksi valittu paikka on aiemmin ollut leikkipaikkana, joka on purettu 2000-luvun alussa. Lähiympäristössä sijaitsee useita päiväkoteja, kouluja<br>ja leikkipaikkoja. Kohde ei suoraan sitoudu niittyverkoston niittyjen yhteyteen, mutta lähellä on Vuosaari-Talosaari-<br>niittykeskittymä.<br><br>2. Kukkaniitynpuisto<br>Kukkaniitynpuiston nurmialue muutetaan niityksi, jossa on sekä kukkivia kaveja että heiniä. Kohde sijaitsee Puotinharjussa, Mustapuronpuistossa ja paikalla on aikoinaan ollut pelikenttä. Paikka on avoin ja pääosin aurinkoinen. Lähiympäristössä 200-400 m säteellä sijaitsee päiväkoteja ja kouluja. Kohteen ympärillä noin 200 m säteellä sijaitsee <br>Helsingin niittyverkoston tukialueita, jotka palvelevat Vartiokylä-Herttoniemi niittykeskittymiä.<br><br>Suunnittelun lähtökohdat:<br><br>Hankkeen suunnitteluun sisältyy ennen varsinaista niittyjen suunnittelua parhaiden toteutuspaikkojen etsiminen itäisen suurpiirin alueelta. Suunnittelussa huomioidaan myös muut niittyihin liittyvät hankkeet sekä niittyverkosto ja sen vahvistaminen.<br><br>Nurmialueita voidaan muuttaa niityiksi hoitoluokkaa muuttamalla. Lisäksi niittyjä toteutetaan perustamalla uusniittyjä, jolloin etsitään ensisijaisesti näkyvää, laajaa kohdetta joko laajasta puistosta tai katuympäristöstä (esim. liikenneympyrä, pitkänomainen katuviherkaista).<br><br>Hoitoluokkamuutos -kohteisiin sekä varsinkin rakennettaviin uusniittyihin suunnitellaan infotaulut. Hankkeessa selvitetään myös talkootoiminnan mahdollisuudet. Hankkeen valmistuttua järjestetään opastettuja niittykävelyitä kohteissa.<br><br>Suunnitelmien valmistumisen tavoiteaikataulu on alkuvuodesta 2025. Suunnittelun jälkeen hanke siirtyy rakennuttamiseen ja urakan valmisteluun, minkä jälkeen niityt kylvetään.<br><br>Suunnittelun aikaisesta vuorovaikutuksesta (esimerkiksi suunnitelmiin tutustumiesta ja kommentoinnista tällä sivulla) tiedotetaan vielä erikseen.</p>","<p><p>Itäkeskuksessa sijaitseva tontti kulttuurikeskus Stoan vieressä on jäänyt tyhjäksi siitä puretun työmaan jälkeen. Olemme keskustelleet Stoan sekä kaupunkiympäristön työntekijöiden kanssa ja ottaneet alueen mukaan hankkeeseen.</p><p>Tavoitteena on perustaa alueelle väliaikainen niitty ja tuoda luonnonmukaisia perennaistutuksia ilahduttamaan asukkaita ja lisäämään ravintoa ja elinympäristöjä pölyttäjille. Lisäksi alueelle tuodaan viljelylaatikoita asukkaiden käyttöön. Viljelylaatikkotoiminnasta tiedotetaan vielä erikseen.</p><p>Uuden niittyalueen myötä hankkeen kohdealueiden määrä kasvaa ja sen myötä myös Itäkeskukseen saadaan lisää vehreyttä ja niittyä. Niityn ja istutusten toteutuksen aikataulu on vielä suunnitteilla, ilmoitamme siitä tällä sivulla mahdollisimman pian.</p></p>","Kaupunkiympäristö KYMP, Maankäyttö ja kaupunkirakenne, Kaupunkitila- ja maisemasuunnittelu","2025-04-30T08:19:01+03:00"
"16",176,"Kukkaloistoa ihmisille ja pölyttäjille ",2e+05,1150,"Eteläinen","Puistot ja luonto","Tammasaarenlaituri ",60.16,24.9,"Toteutus",40,"<p>Alustavien suunnitelmien mukaan tutkitaan kukkaloiston lisäämistä Kompassitorin ja kahvilan viereisille nurmialueille, Meripuistoon ja Pyhän Birgitan puistoon.<br><br></p>","<p><p>Suunnitelmat ovat valmistuneet! Kukkaloistoa on odotettavissa Kompassitorin alueelle. Lisäksi kunnostetaan muutama katukasvillisuusalue Pyhän Birgitan puistossa.</p><p>Liitteissä kuvia suunnitelmista ja kasvivalinnoista.</p></p>","Kaupunkiympäristö KYMP, Maankäyttö ja kaupunkirakenne, Kaupunkitila- ja maisemasuunnittelu","2025-04-23T13:50:29+03:00"
"17",177,"Pikku Huopalahden näköalatorni",350000,664,"Läntinen","Rakennettu ympäristö",NA,60.199981,24.889805,"Suunnittelu",30,"<p></p>","<p><p>Pikku-Huopalahdesta on löytynyt kiva paikka uudelle lintutornille ja piknikpaikalle. Tutustu suunnitelmiin ja halutesassi voit kommentoida niitä Omastadi alustalla tai laittamalla s-postia nina.mouhu@hel.fi tai belinda.barbato@hel.fi 21.4.2025 asti. Rakentaminen on ohjelmoitu alkavaksi talvella 2025.</p></p>","Kaupunkiympäristö KYMP, Maankäyttö ja kaupunkirakenne, Kaupunkitila- ja maisemasuunnittelu","2025-05-12T05:52:04+03:00"
"18",178,"Sauna Aurinkolahden talviuintipaikalle",150000,421,"Itäinen","Hyvinvointi","Aurinkoranta 15",60.2,25.16,"Suunnittelu",20,"<p>Kaupunki ottaa huomioon yhteiskehittämisvaiheessa esille tulleet toiveet saunan toteutuksessa.<br><br>Ensimmäisessä työvaiheessa kaupungin liikuntapalvelut palkkaavat arkkitehdin suunnitelemaan saunan, suihkut ja vessat ehdotulle paikalle. <br> <br>Toisessa vaiheessa suunnitellaan saunarakennus yhdessä valitun arkkitehdin kanssa. <br><br>Kolmannessa vaiheessa toteutetaan sauna sovittuun paikkaan. <br><br>Projektiin varattu raha riittää toteuttamaan saunan sellaiselle paikalle, jossa on jo valmiiksi hyvät mahdollisuudet veden ottoon ja jäteveden käsittelyyn.<br><br>Saunan valmistuessa kaupunki kilpailutta saunan ylläpitäjän.</p>","<p>Liikuntapalveluiden edustajat yhdessä kaupungin maisema-arkkitehtien kanssa ovat päättäneet tulevan saunan sijainnin. Sauna rakennetaan nykyisen talviuintipaikan välittömään läheisyyteen, alueelle, jossa tällä hetkellä sijaitsevat uinninvalvojien huoltokoppi ja julkiset WC-tilat.<br><br>Saunan palveluista ja toiminnasta vastaa tulevaisuudessa yrittäjä, jonka kaupunki kilpailuttaa talven ja kevään aikana. Tavoitteena on luoda houkutteleva ja korkeatasoinen kokonaisuus, joka palvelee niin paikallisia kuin vierailijoita ympäri vuoden.<br><br>Hankkeen yhteydessä kaupunki parantaa myös alueen julkisia WC-tiloja ja suunnittelee uuden, pidemmän talviuintilaiturin rakentamista kallion läheisyyteen, mikä lisää turvallisuutta ja mukavuutta vesille menoon.<br><br>Tämä kokonaisuus vahvistaa alueen roolia suosittuna merellisenä virkistyspaikkana ja parantaa sen toiminnallisuutta entisestään. Tiedotamme projektin etenemisestä ja kilpailutuksen tuloksista kevään aikana!</p>","Kulttuuri ja vapaa-aika KUVA, Liikunta, Ulkoilupalvelut, Oleg Jauhonen","2025-02-06T05:50:11+02:00"
"19",179,"Hanhivapaa alue Kaivopuistoon",60000,824,"Eteläinen","Puistot ja luonto","Kaivopuisto",60.16,24.95,"Suunnittelu",10,"<p></p>","<p></p>","Kaupunkiympäristö KYMP","2024-11-28T13:07:50+02:00"
"20",180,"Laajasalon peruskoulun pihojen ja välituntitoiminnan buustaus",1e+05,722,"Kaakkoinen","Ulkoilu ja liikunta","Koulutanhua ",60.18,25.06,"Suunnittelu",20,"<p>Elo-syyskuussa koulun oppilailta ja alueen asukkailta kerättiin mielipiteitä hankkeen suunnittelun tueksi. <br><br>Syksyllä 2024 aloitettiin hankkeen pihasuunnittelu. <br><br>Alkuperäinen tavoite oli, että urakointi olisi alkanut heti roudan poistuessa, jolloin uudet välineet olisivat olleet käytössä jo ennen kesälomia 2025. <br><br>Hanke on alkuperäisestä aikataulusta valitettavasti hieman viivästynyt ja tämän hetkisen tiedon mukaan työt voisivat alkaa kesäkuun 2025 puolivälin tienoilla. <br></p>","<p></p>","Kasvatus ja koulutus KASKO, Toimialan yhteiset palvelut - KASKO, Tilapalvelut - KASKO","2025-05-05T14:25:06+03:00"
"21",181,"Vierasperäisten kasvien poisto ja joenrannan siistiminen",60000,457,"Koillinen","Puistot ja luonto","Keravankoki",60.28,24.98,"Esivalmistelu",0,"<p>Kaupunki toteuttaa hankeen keskittymällä joen varren vieraslajien torjuntaan. Pääasiassa joen varrella kasvaa jättipalsamia, mutta myös muita lajeja on havaittu. Torjuntaa tehdään koneelisesti luotoarvot huomioiden. Paikoissa joissa konellinen torjunta on hankalaa tai mahdotonta, järjetetään talkoita, joissa torjuntaa tehdään käsityönä.</p>","<p></p>","Kaupunkiympäristö KYMP, Rakennukset ja yleiset alueet, Ylläpito","2025-02-12T16:57:06+02:00"
"22",182,"Vantaanjoen uimapaikkojen kunnostaminen",60000,716,"Koillinen","Puistot ja luonto","Vantaanjokialue / Kalastuspaikka, Laamannintie",60.26,24.97,"Valmis",100,"<p>OmaStadi-rahalla toteutettiin Pakilan ja Tapaninvainion uimarantojen kunnostus.<br><br>Kunnostustyöt keskittyivät erityisesti uimarantojen kehittämiseen. Pakilan ja Tapaninvainion rannoille lisättiin pehmeää hiekkaa uimakäyttöön, biitsihiekkaa lentopallokentille ja turvahiekkaa leikkipaikoille. Rantojen profiileja tasoitettiin, ja alueen yleisilmettä kohennettiin merkittävästi uusimalla mm. nurmialueita, sekä ojien vedenohjausta. <br><br><br>_________________________________________________________<br><br>Kaupunki ottaa huomioon yhteiskehittämisvaiheessa esille tulleet asiat ja toiveet.<br><br>Ensimmäisessä työvaiheessa kaupungin liikuntapalveluita edustava projektikoordinaattori neuvottelee kansulttiyrityksen kanssa uimarantojen teknisistä korjaustarpeista ja kustannuksista.<br><br>Toisessa vaiheessa sovitut kunnostustoimenpiteet kilpailutetaan eri urakoitsijoiden kesken.<br><br>Kolmannessa vaiheessa toteutetaan urakka sovittujen sisältöjen mukaisesti.<br><br>Uimarantojen kunnostus valmistuu elo-syyskuun aikana.</p>","<p>Kunnostustyöt keskittyivät erityisesti uimarantojen kehittämiseen. Pakilan ja Tapaninvainion rannoille lisättiin pehmeää hiekkaa uimakäyttöön, biitsihiekkaa lentopallokentille ja turvahiekkaa leikkipaikoille. Rantojen profiileja tasoitettiin, ja alueen yleisilmettä kohennettiin merkittävästi uusimalla mm. nurmialueita, sekä ojien vedenohjausta. </p>","Kulttuuri ja vapaa-aika KUVA, Liikunta, Ulkoilupalvelut, Oleg Jauhonen","2024-09-17T17:32:16+03:00"
"23",183,"Ulkoilmatapahtumia",60000,393,"Keskinen","Hyvinvointi","Kangasalantie ",60.2,24.96,"Suunnittelu",20,"<p>Kokonaisuutta suunnitellaan kevään 2025 aikana kulttuurikeskus Caisan ja liikuntapalveluiden yhteistyönä. Hankkeeseen rekrytoidaan tuottaja. <br><br>Hankkeessa on kartoitettu keskiseltä alueelta sopivaa, keskeistä ja saavutettavaa tapahtumapaikkaa, joka on ollut tapahtumien suhteen katvealueella. Alustavasti sijainniksi on kaavailtu Arabian seutua. <br><br>Koska tapahtumassa tullaan näyttämään elokuvia ulkoilmassa, tulee tapahtuman ajankohta olemaan loppukesä tai alkusyksy. Kaupunkilaisten toiveista koskien esimerkiksi tapahtumassa näytettäviä elokuvia tullaan tekemään kysely kesän 2025 aikana. </p>","<p></p>","Kulttuuri ja vapaa-aika KUVA, Kulttuuri, Cátia Suomalainen Pedrosa, Marjaana Risku, Miia Partinen","2025-05-08T13:33:29+03:00"
"24",184,"Tunnetaitokoulutusta yläasteikäisille",150000,326,"Pohjoinen","Oppiminen ja osaaminen","Tuohustie ",60.2512281,24.9440233,"Toteutus",35,"<p>Hankkeen projektityöntekijä on aloittanut syksyllä 2024 toteuttamaan hanketta yhteistyössä koulujen kanssa. Kouluista on tähän mennessä lähtenyt mukaan Torpparinmäen peruskoulu, Pakilan ylä-asteen ja ala-asteen koulut, Oulunkylän yhteiskoulu sekä Maunulan yhteiskoulu.<br><br>Työ on aloitettu jalkautumalla kouluihin ja tutustumalla koulujen henkilökuntaan sekä oppilaisiin. Kaikilta kouluilta on kysytty, millaisia ilmiöitä alueelta nousee hyvinvointiin ja yhteisöllisyyteen liittyen. Samalla hankkeessa on saatu kartoitettua teemoja ja ilmiöitä, joita koulujen arjesta ja oppilaiden kanssa käydyistä keskusteluista aidosti nousee.<br>Tavoitteena on vahvistaa kouluissa osaamista ja ymmärrystä tunne- ja vuorovaikutustaidoista yhdessä taitojen mallintamisen, harjoittelun ja jakamisen avulla. Syksyllä toiminnan kantavana teemana on ollut kohtaaminen ja kuunteleminen. Lisäksi projektityöntekijä pyrkii toimimaan linkkinä alueen koulujen välillä, jolloin koulujen välinen vuoropuhelu voi lisääntyä ja yhteinen hyvien käytäntöjen jakaminen vahvistua.<br><br>Projektia toteutetaan vahvasti yhteistyössä koulujen henkilökunnan kanssa, jotta hankkeen aikaiset hyvät käytänteet jäävät kouluille myös hankkeen päättymisen jälkeen. Lisäksi toimintatavoista pyritään mallintamaan menetelmiä, jotka jäävät koulujen käyttöön. Hankkeen on suunniteltu kestävän 31.7.2026 saakka.</p>","<p></p>","Kasvatus ja koulutus KASKO, Toimialan yhteiset palvelut - KASKO, Viestintäpalvelut ja osallisuus - KASKO","2025-05-12T10:13:46+03:00"
"25",185,"Roskat pois Longinojan taimenpurosta",250000,726,"Koillinen","Ekologisuus","Longinojanraitti ",60.25,25.03,"Esivalmistelu",5,"<p>Hankkeessa suunnitellaan ja asennetaan hulevesisuodattimia Longinojan valuma-alueen hulevesikaivoihin.<br><br>Hankkeen suunnittelu käynnistyy vuoden 2025 alkupuoliskolla. Suunnittelun tarkemmasta etenemisestä sekä suodattimien asentamisen aikataulusta suunnittelun jälkeen tiedotetaan tällä sivulla.</p>","<p><p>Hankkeen suunnittelu käynnistetään touko-kesäkuussa. Suunnitelmien valmistumisen tavoite on syksyllä, minkä jälkeen hanke siirtyy toteutukseen.</p></p>","Kaupunkiympäristö KYMP, Maankäyttö ja kaupunkirakenne","2025-05-07T11:45:05+03:00"
"26",186,"Lisää ulkokuntosaleja eteläiselle suurpiirille",350000,930,"Eteläinen","Ulkoilu ja liikunta",NA,60.155676,24.949042,"Toteutus",50,"<p>Eteläisen suurpiirin ulkokuntosalihanke toteutetaan Meripuistoon. Nykyinen muutaman laitteen ulkokuntosali uudistetaan korvaamalla vanhat kuntoiluvälineet uusilla ja lilsäämällä kuntoiluvälineitä. Tavoitteena on monipuolinen ulkokuntosali, josta löytyy välineitä niin aloittelijoille kuin kokeneille kuntoilijoillekin.<br><br>Suunnitelmaluonnos laitetaan esille tälle sivulle alkuvuonna 2025.</p>","<p><p>Uuden ulkokuntosalin rakentaminen alkaa kesällä 2025. Lopullisten suunnitelmien pohjalta alueelle valitaan 16 kuntosalivälinettä, jotka ovat: loitonnuslaite, vartalonkiertolaite, kaksi erilaista ylävetolaitetta, street workout -teline, penkkipunnerrus, vinopenkkipunnerrus, soutulaite, etupunnerrus, säädettävä selkäpenkki, vatsapenkki, hauislaite, jalkakyykkylaite, multilift-laite ja jalkaprässi.</p><p>Nykyisen kivituhkapinnoitteen päälle asennetaan joustopinnoite, ja alueelle rakennetaan myös pyöräparkkeja sekä ulkokuntosalin valaistus.</p></p>","Kulttuuri ja vapaa-aika KUVA, Liikunta, Liikuntapaikat, Oleg Jauhonen","2025-04-22T15:59:31+03:00"
"27",187,"Lumilautaparkki Paloheinään",1e+05,437,"Pohjoinen","Ulkoilu ja liikunta",NA,NA,NA,"Suunnittelu",25,"<p>Kaupunki ottaa huomioon yhteiskehittämisvaiheessa esille tulleet sijainnit ja lumilautaparkin sisältö toiveet.<br><br>Ensimmäisessä työvaiheessa kaupungin liikuntapalveluita edustava projektikoordinaattori neuvottelee alueiden maisema-arkkitehtien kanssa lumilautaparkille sopivista sijainneista. <br><br>Toisessa vaiheessa valmistellaan suunnitelma lumilautaparkista ja lisätään se Oma-Stadi sivustolle kommentoitavaksi. Tässä vaiheessa kuntalainen voi omilla perusteluilla kommenteillaan vielä vaikuttaa laitesisältöön ja muihin yksityiskohtiin.<br><br>Kolmannessa vaiheessa toteutetaan lumilautaparkki sovittuun paikkaan. <br><br>Projektiin varattu raha riittää pienemuotoisen lumilautaparkin toteutukseen. Todennäköisesti kapunki hakee lumilautaparkille ylläpitäjää urheiluseurasta.<br><br><br></p>","<p><p>Lumilautaparkille löytynyt sopiva sijoituspaikka Paloheinän pulkkamäen läheisyydestä. Seuraavaksi aloitetaan alueen tarkempi suunnittelu yhteistyössä Suomen Lumilautaliiton ja Helsingin lumilautailijat ry:n sekä hankkeen ehdottajien kanssa. Lumilautaparkki on tarkoitus rakentaa vuonna 2026.</p></p>","Kulttuuri ja vapaa-aika KUVA, Liikunta, Ulkoilupalvelut, Oleg Jauhonen","2025-05-13T12:40:39+03:00"
"28",188,"Talviuinti ja sauna Kalasataman alueelle",250000,1133,"Keskinen","Ulkoilu ja liikunta","Leonkatu ",60.19,24.98,"Suunnittelu",21,"<p>Kaupunki ottaa huomioon yhteiskehittämisvaiheessa esille tulleet sijainnit ja toiveet.<br><br>Ensimmäisessä työvaiheessa kaupungin liikuntapalveluita edustava projektikoordinaattori neuvottelee alueiden maisema-arkkitehtien kanssa saunojen sopivista sijainneista.<br><br>Toisessa vaiheessa valmistellaan saunojen suunnitelma Stadi sivustolle kommentoitavaksi. Tässä vaiheessa kuntalainen voi omilla perusteluilla kommenteillaan vielä vaikuttaa sisältöön ja muihin yksityiskohtiin.<br><br>Kolmannessa vaiheessa toteutetaan sauna sovittuun paikkaan.</p>","<p>Liikuntapalveluiden ja kaupunkiympäristön edustajat ovat neuvotelleet uuden kelluvan uimalan alustavasta sijainnista. Uimala sijoittuisi Sompasaaren laiturin ja Hanasaaren voimalan väliselle alueelle, joka tarjoaa erinomaisen merellisen ympäristön uudenlaiseen vapaa-ajanviettoon.<br><br>Seuraavaksi alueella tehdään tarkempia tutkimuksia, jotka sisältävät veden laadun selvittämistä sekä aaltojen korkeuksien ja muiden olosuhteiden tarkkailua. Nämä tutkimukset varmistavat, että alue soveltuu turvallisesti ympärivuotiseen käyttöön.<br><br>Alustavien suunnitelmien mukaan kelluva uimala olisi auki vuoden ympäri ja sisältäisi myös pienimuotoisen saunan sekä pukuhuonerakennuksen, mikä mahdollistaisi miellyttävän ja monipuolisen vierailukokemuksen kaikille asiakkaille.<br><br>Tiedotamme hankkeen edistymisestä ja tutkimustuloksista, kun suunnitelmat tarkentuvat!</p>","Kulttuuri ja vapaa-aika KUVA, Liikunta, Ulkoilupalvelut, Oleg Jauhonen","2025-01-03T09:28:13+02:00"
"29",189,"Uimapaikkoja keskiselle alueelle",350000,1144,"Keskinen","Ulkoilu ja liikunta","Kangasalant. ",60.2,24.96,"Suunnittelu",20,"<p>Kaupunki ottaa huomioon yhteiskehittämisvaiheessa esille tulleet sijaintitoiveet.<br><br>Ensimmäisessä työvaiheessa kaupungin liikuntapalveluita edustava projektikoordinaattori neuvottelee alueen maisema-arkkitehtien kanssa uimapaikan sopivista sijainneista.<br><br>Toisessa vaiheessa valmistellaan  suunnitelma Stadi sivustolle kommentoitavaksi. Tässä vaiheessa kuntalainen voi omilla perusteluilla kommenteillaan vielä vaikuttaa sisältöön ja muihin yksityiskohtiin.<br><br>Kolmannessa vaiheessa toteutetaan uimapaikka sovittuun paikkaan.</p>","<p>Liikuntapalveluiden ja kaupunkiympäristön edustajat ovat neuvotelleet kelluvan uimalan alustavasta sijainnista, joka sijoittuisi sompasaaren laiturin ja hanasaaren voimalan väliselle alueelle. <br><br>Seuraavaksi tehdään alueen tutkimuksia jotka sisältävät veden laadun tutkimista ja aaltojen korkeuksien tarkkailua. <br><br>Kelluva uimala palvelisi asiakkaita alustavien suunnitelmien mukaan ympäri vuoden ja sisältäisi myös pienimuotoisen saunan ja pukuhuonerakennuksen.</p>","Kulttuuri ja vapaa-aika KUVA, Liikunta, Ulkoilupalvelut, Oleg Jauhonen","2025-01-02T11:28:14+02:00"
"30",190,"Puita Jätkäsaaren kaduille",1e+05,799,"Eteläinen","Puistot ja luonto","Hietasaarenkuja 14",60.16,24.92,"Suunnittelu",10,"<p>Kevään yhteskehittämisvaiheessa kaupunkilaisilta kerättiin ideoita puiden tai muun kasvillisuuden sijoituspaikoista Jätkäsaaressa. Hankkeen suunnittelussa ja toteutuksessa huomioidaan Jätkäsaaren katujen erityispiirteet, kuten tilanpuute, nostopaikat, rakentamisen aikataulut ja jo olemassa olevat suunnitelmat. Hanke etenee niin, että ensisijaisesti kartoitetaan uusia paikkoja puille tai muulle kasvillisuudelle Jätkäsaaren kaduilta.<br><br>Hanke käynnistyi inventointikierroksella Jätkäsaareen. Inventoinnissa keskityttiin Jätkäsaaren itäiseen osaan, jossa puiden sekä köynnösten määrä on vähäisempi. Kierroksella kartoitettiin nykyisten katupuiden sekä köynnösten tilannetta ja määrää. Tavoitteena on lisätä puita tai muuta kasvillisuutta niihin paikkoihin, joissa se on mahdollista.<br><br>Mikäli hankkeen budjettia jää vielä katupuiden tai muun kasvillisuuden jälkeen käyttämättä, tarkastellaan kasvillisuuden istutusmahdollisuuksia Jätkäsaaren päiväködin ja koulun pihoille.<br><br>Tavoitteena on saada suunnitelmat valmiiksi talven 2024-2025 aikana, jolloin puiden tai muun kasvillisuuden istuttaminen voitaisiin toteuttaa kesällä 2025.</p>","<p></p>","Kaupunkiympäristö KYMP, Maankäyttö ja kaupunkirakenne, Kaupunkitila- ja maisemasuunnittelu","2024-11-19T10:23:57+02:00"
"31",191,"Seurasaaren rantapoukama: eväsretki- ja uimapaikka Seurasaareen ",1e+05,550,"Läntinen","Ulkoilu ja liikunta","Seurasaari",60.178985597,24.8805924947,"Esivalmistelu",15,"<p>Kaupunki ottaa huomioon yhteiskehittämisvaiheessa esille tulleet toiveet sekä myös reunaehdot, jotka liittyvät suojeluun ja alueen muuhun käyttöön.<br><br><br>Ensimmäisessä työvaiheessa kaupungin liikuntapalveluita edustava projektikoordinaattori neuvottelee alueiden maisema-arkkitehtien sekä muiden toimijoiden kanssa siitä, miten hanke saadaan toteutettua siten, että se parhaiten täydentää alueen nykyistä tarjontaa.<br><br><br>Toisessa vaiheessa valmistellaan suunnitelma Stadi sivustolle kommentoitavaksi. Tässä vaiheessa kuntalainen voi omilla perusteluilla kommenteillaan vielä vaikuttaa sisältöön ja muihin yksityiskohtiin.<br><br><br>Kolmannessa vaiheessa toteutetaan hanke yhdessä sovittuun paikkaan ja parhaiten kokonaisuutta palvelevalla tavalla.</p>","<p>Seurasaaren maastokokouksessa 30.8.2024 sovittiin alueen kehittämistoimenpiteistä yhdessä maisema-arkkitehti Oula Rahkosen, Seurasaaren luonnonsuojeluyhdistyksen, Seurasaariyhdistyksen, Seurasaunan yhdistyksen sekä KYMP edustajien kanssa seuraavista toimenpiteistä. Kokouksen päätöksenä oli rakentaa oleskelulaituri osittain jo olemassa olevien kiviperustusten päälle. Oleskelulaiturin tavoitteena on tarjota paikka luonnon monimuotoisuuden tarkkailuun ja picknick-henkiseen eväiden nauttimiseen. Lisäksi laiturille tulee mahdollisuus kanootin tai soutuveneen rantautumiseen. Laiturista ei saa tehdä uintikäyttöön turvallisuussyistä. Jäljellä oleva budjetti voidaan mahdollisesti käyttää rantapoukaman läheisiin viheristutuksiin, luontoa kunnioittaen.<br><br>Laiturin suunnittelussa otetaan huomioon sen ympärivuotinen käyttö, mikä edellyttää kestävää ja luotettavaa rakennetta. Laituri voidaan osittain perustaa lyöntipaalujen varaan ja osittain käyttää ponttoniratkaisua. Koska laituri tulee pysymään paikallaan ympäri vuoden, sen on kestettävä jatkuvaa rasitusta. Yksi vaihtoehto on raskasbetoniponttonilaituri, joka kestää paremmin ympärivuotista käyttöä, mutta sen ulkonäkö saattaa olla haasteellinen ympäristöön nähden.</p>","Kulttuuri ja vapaa-aika KUVA, Liikunta, Ulkoilupalvelut, Oleg Jauhonen","2024-10-15T14:08:32+03:00"
"32",192,"Lauttayhteys Kauppatorille Herttoniemenrannasta",3e+05,1001,"Kaakkoinen","Rakennettu ympäristö","Linnanrakentajantie ",60.19,25.04,"Toteutus",70,"<p>Kaupunki ottaa huomioon yhteiskehittämisvaiheessa esille tulleet sijainnit ja toiveet.<br><br>Ensimmäisessä työvaiheessa kaupungin liikuntapalveluita edustava projektikoordinaattori neuvottelee vesiliikennetoimijoiden kanssa heidän kiinnostuksestaan ja reunaehdoista reittiä kohtaan sekä kaupungin sisällä asiantuntijoiden kanssa laiturien käyttömahdollisuuksista.<br><br>Toisessa vaiheessa valmistellaan liikennönnin  suunnitelma Stadi sivustolle kommentoitavaksi. Tässä vaiheessa kuntalainen voi omilla perusteluilla kommenteillaan vielä vaikuttaa sisältöön ja muihin yksityiskohtiin.<br><br>Kolmannessa vaiheessa toteutetaan liikennöinti sovitulla tavalla.</p>","<p><p>Kesäkuussa 2025 käynnistyvä vesiliikenne tarjoaa kuntalaisille mahdollisuuden matkustaa Herttoniemestä keskustaan ja keskustasta Herttoniemeen. Molemmista suunnista liikennöidään neljä kertaa päivässä.</p><p>Samaan reittiliikenteeseen kuuluu myös mahdollisuus tutustua itäiseen saaristoon tai matkustaa Meritullintorilta aina Vuosaareen saakka. Matkalle voi lähteä joko itäisestä Helsingistä tai suoraan Meritullintorilta.</p><p>Tämän tyyppiseen vesiliikennereittiin päädyttiin pääosin kustannussyistä. Oma-Stadilla rahoituksella ei ole mahdollista rahoittaa kaupunkiliikenteen hankkeita tai avata uusia HSL kortilla toimivia yhteyksiä.</p><p>Alla tiivistelmä selvityksestä:</p><p>Lauttayhteyden kustannuksia Herttoniemenrannasta keskustaan on arvioitu Kruunuvuorenrannan lauttaliikenteen perusteella. Koska reitillä vaaditaan vähintään kaksi alusta, kustannukset nousevat merkittävästi. Yhden aluksen liikennöinti arviolta 1,5 tunnin vuorovälillä maksaisi noin 800 000 € vuodessa, ja kahden aluksen liikennöinti 45 minuutin vuorovälillä noin 1 600 000 € vuodessa. Kustannukset ovat korkeat suhteessa saavutettaviin hyötyihin. Kruunuvuorensillan valmistuminen ja pikaraitiotieyhteys Laajasaloon voivat tehokkaammin helpottaa Kulosaarensillan remontin aiheuttamaa ruuhkaa. Valtuustoaloitteessa esitetty lauttayhteys vastaa lähes OmaStadi-ehdotusta, johon on varattu 300 000 € rahoitus.</p><p>Kyseistä lauttayhteyttä ei kuitenkaan voida toteuttaa OmaStadi-rahoituksella rahoituksen riittämättömyyden vuoksi. Sen sijaan lauttaliikenne toteutetaan risteilytyyppisenä vesiliikenteenä, joka palvelee Herttoniemen lisäksi Itäistä saaristoreittiä.</p><p>Lisätietoa laajemmin selvityksestä linkistä.</p></p>","Kulttuuri ja vapaa-aika KUVA, Liikunta, Oleg Jauhonen","2025-05-14T15:40:41+03:00"
"33",193,"Yleiset saunat - Kotiluodon saunan kunnostus",2e+05,910,"Kaakkoinen","Hyvinvointi","Koirasaarentie ",60.175617,25.104058,"Toteutus",60,"<p>Yhteiskehittämisvaiheessa keväällä 2024 kaupunkilaisten kanssa keskusteltiin sopivista kunnostettavista saunoista kaakkoisen suurpiirin alueella.<br><br>Yhteiskehittämisen aikana tulleista toiveista sekä sopivien kaupungin omistuksessa olevien saunojen joukosta kunnostuskohteeksi valikoitui Kotiluodon sauna. Yhteiskehittämisvaiheessa selvitettiin ensin, soveltuisivatko alkuperäisessä ehdotuksessa mainitut Stansvikin tai Vartiosaaren Sunnanvikin saunat kunnostettaviksi kohteiksi. Stansvikin sauna oli jo myyty ja Vartiosaaren Sunnanvikin saunan on suunniteltu menevän myyntiin arviolta vuonna 2026. Omastadi-hankkeen vaatiman määräaikaisen vuokrauksen todettiin olevan ristiriidassa tämän tavoitteen ja aikataulun kanssa.<br><br>Ehdotuksen nimi on muutettu toteutuksen mukaisesti.<br><br>Kotiluoto on yksi kehitettävistä saarikohteista Helsingin itäisen saariston hoito-ja kehittämissuunnitelmassa.<br><br>Linkki suunnitelmaan:<br><br>https://www.hel.fi/static/liitteet/kaupunkiymparisto/julkaisut/julkaisut/julkaisu-12-21.pdf<br></p>","<p><p><span style=""font-size:11pt""><span>Kotiluodon saunan kunnostusta valmistellaan ja on arvioitu että sauna valmistuu syksyllä 2025. Kotiluodon saareen pääsee jo kesällä.&nbsp;Tällä kierroksella on useita merellisiä Omastadihankkeita koordinoitu yhteen, tukemaan toisia. Itäisellä saaristolla tulee liikennöimään vesibussi 1.6.-31.8.2025 välisenä aikana. Omastadirahoituksen avulla tälle reitille on tulossa uusi pysähdyspaikka Kotiluodon saareen (huom. sauna ei ole käytössä silloin vielä). Kotiluodon laituri on kunnostuksen tarpeessa mutta siitä huolimatta siihen pystyy kiinnittäytymään. Liitteessä laajemmin avattu hankkeen toteutuksen tilanteesta.</span></span></p></p>","Kaupunkiympäristö KYMP","2025-05-13T10:24:49+03:00"
"34",194,"Sinebrychoffin puiston movie & music festival",1e+05,788,"Eteläinen","Kulttuuri","Sinebrychoffin puisto",60.16,24.93,"Suunnittelu",47,"<p>Kaupungin asiantuntija valmistelee tapahtumatuotannon tarkemman suunnitelman ja tuotanto käynnistyy kesää 2025 ennakoiden. <br><br>Hanketta toteuttaa tapahtumatiimi, johon kuuluu kaksi Savoy-teatterin tuottajaa, tuotantoassistentti sekä freelance-tuotannonsuunnittelija. Tapahtuman toteutuksen mahdollistavat yhteistyökumppanit ja palveluntarjoajat.<br><br>Tapahtuman nimi on Koffarin Kinofest ja se toteutuu 15.-17.8. Kohteelle julkaistaan toukokuun lopussa tapahtumasivu osoitteeseen tapahtumat.hel.fi ja omat sosiaalisen median kanavat, joihin ohjelma päivittyy tapahtumaan asti.</p>","<p></p>","Kulttuuri ja vapaa-aika KUVA, Kulttuuri, Yleiset kulttuuripalvelut, Sirpa Hynninen","2025-05-12T13:56:58+03:00"
"35",195,"Ylä-Malmin tori ja Ala-Malmin puisto viihtyisäksi!",150000,662,"Koillinen","Puistot ja luonto","Ylä-Malmin tori 4, Ala-Malmin puisto",60.25,25.01,"Toteutus",55,"<p>Ylä-Malmin torin elävöittäminen on lähtenyt käyntiin asukkaiden ja alueen toimijoiden toiveita ja ehdotuksia kartoittamalla syksyllä 2024. Monissa ehdotuksissa toivottiin joulumarkkinoita, jouluun liittyviä esityksiä ja yhteisöllistä toimintaa sekä kausivaloja.<br><br><br>Tulevia tapahtumia Ylä-Malmin torilla:<br><br>Malmin joulutori<br><br>Hankkeen ensimmäinen tapahtumallinen ponnistus järjestetään joulukuussa, kun kaikille avoin ja lämminhenkinen Malmin joulutori järjestetään Ylä-Malmin torilla to 12. – la 14.12. Joulutori on avoinna: To-pe klo 15-19 ja la klo 10-15. <br><br>Malmin joulutori tuo torin täyteen joulutunnelmaa ja kutsuu kaikki nauttimaan kiireettömästi joulun taiasta musiikin, esitysten, joulumarkkinoiden ja muun yhteisöllisen toiminnan parissa. Tekijät ja toimijat Malmin joulutorille etsitään pääasiassa paikallisista yhdistyksistä, yrityksistä ja ryhmistä. <br><br><br><br>Malmin sydän 14.2.2025<br> <br>Ystävänpäivänä osoitetaan rakkautta Malmilla ja rakennetaan yhdessä säihkyvä sydämenmuotoinen jäälinna, joka piristää Ylä-Malmin toria ja tuo valoa pimeyden keskelle.<br>Malmin sydän on yhteisöllinen taideteos, joka syntyy kaupunkilaisten käsistä ja sydämistä. Yhdessä rakennettava valaistu jäälinna juhlistaa rakkautta, ystävyyttä ja yhteisöä!<br> <br>Osallistuminen on helppoa. Voit tehdä oman jääpalasi jäädyttämällä litran vettä esimerkiksi maitotölkissä. <br>Halutessasi voit koristella jääpalan värein tai luonnonmateriaalein, kuten vaikka kukin tai kävyin - kaikki luonnolle ystävälliset koristelut ovat tervetulleita!<br> <br>Tuo tekemäsi jääpala Ylä-Malmin torille ystävänpäivänä, jolloin kokoonnumme rakentamaan jäälinnaa. <br>Rakentamista ohjaa ja koordinoi erillinen vetäjä, joka varmistaa, että rakennus sujuu turvallisesti ja mukavassa hengessä.<br>Tunnelmallinen ja osallistava tapahtuma sopii kaikille. Tervetuloa mukaan luomaan Malmille yhteinen rakkauden symboli. <br> <br><br><br>Ylä-Malmin toripäivä elokuussa 2025<br><br>Tapahtuman tarkempi suunnitelma ja skaala työstetään keväällä 2025.<br><br><br><br>Tuleva tapahtuma Ala-Malmin puistossa: <br><br>Malmin tapahtumakesä 2025<br><br>Malmin oma kaupunkifestivaali Malmin tapahtumakesä täyttää Ala-Malmin puiston kesäkuussa 5.-14.6 ja elokuussa 14.-23.8.2025 konserteilla, sirkuksella, katuteatterilla, työpajoilla, puistojumpalla, kaupunkitansseilla, kirpputoreilla ja piknikeillä. Malmin tapahtumakesä tarjoaa maksutonta, helposti saavutettavaa, laadukasta ja monipuolista tapahtumaa ja tekemistä kesäkauden ajan.<br><br>Kesän aikana pääpäivät ovat värikäs Helsinki-Päivä 12.6 ja taiteentäyteinen Taiteiden yö 15.8. Kesän aikana järjestetään myös muun muassa lapsiperheille, nuorille, vanhemmalle väelle ja malmilaisille suunnattuja teemapäiviä. Tavoitteena on muodostaa Ala-Malmin puistoon ohjelmakokonaisuus, joka tarjoaa sekä alueen asukkaille että muille kaupunkilaisille ja kävijöille helposti saavutettavaa, laadukasta ja monipuolista kokemista kesäkauden ajan. <br><br><br><br>Torialueelle tuodaan syys/talvikausi-istutuksia talveksi 2024-2025. Kesäkauden 2025 viherryttämisestä ilmoitetaan vielä erikseen tällä sivulla.</p>","<p></p>","Kulttuuri ja vapaa-aika KUVA, Kulttuuri, Yleiset kulttuuripalvelut, Santtu Nikula","2025-03-05T10:15:23+02:00"
"36",196,"Roskat pois! - lisää roska-astioita itäiselle suurpiirille",1e+05,679,"Itäinen","Puistot ja luonto","Vuosaarentie ",60.21,25.15,"Toteutus",80,"<p>Yhteiskehittämisen aikana tulleista toiveista valikoituivat seuraavat kohteet:<br><br>1. Vuosaari, Mustakivenpuisto: vaihdetaan 10 kpl 60 litran astiaa 140 litran astioihin.<br>2. Vuosaari, Ison Kallahden puistoalue (ulkoilureitin lounaispääty): 2 kpl 60 litran astiaa<br>3. Meri-Rastila, Ramsinkannas-Lohinimeni välille: 4 kpl 60 litran astioita<br>4. Kontulan ostarin ja metroaseman ympäristö: Vaihdetaan 5 kpl 60 litran astioita140 litran kokoon.<br>5. Itäkeskus, Ystävyydenpuisto: Lisätään 5 kpl 60 litran astioita.<br>6. Itäkeskus, Asiakkaankatu-Kauppakartanonkatu: Asennetaan 10 kpl 140 litran astioita. <br><br>Mitä tapahtuu seuraavaksi?<br><br>Roska-astiat ovat tilattu, ja ne asennetaan kesän/syksyn aikana.</p>","<p></p>","Kaupunkiympäristö KYMP","2024-10-10T09:50:57+03:00"
"37",197,"Nuorille turvallisia tiloja Koilliseen",6e+05,690,"Koillinen","Yhteisöllisyys",NA,NA,NA,"Suunnittelu",19,"<p>Hankkeeseen palkataan hanketyöntekijä syksyllä 2024 suunnittelemaan hankkeen toteutusta yhdessä nuorten ja alueen asukkaiden kanssa. <br><br>Suunnittelun jälkeen hanke käynnistyy ja hanke saa vielä nuorisotyöntekijät hankesuunnittelijan kanssa toteuttamaan toimintaa keväästä 2025 alkaen.</p>","<p><p>Tällä hetkellä käynnissä on vielä laajan, yli 1200 kyselyvastausta sisältävän materiaalin läpikäyminen. Kyselyvastausten lisäksi myös keskusteluilloissa tuotettua materiaalia koostetaan ja käsitellään. Kaiken kerätyn tiedon pohjalta käy ilmi, että nuorilla on erilaisia tarpeita turvallisille tiloille ja sisätiloissa oleville hengailupaikoille. Puistolalaisilta nuorilta nousee tarve omalle tilalle Puistolaan, ja sopivan väliaikaisen tilan kartoitus onkin nyt käynnissä. Samalla aineistoa kuitenkin työstetään, ja katsotaan, millaiselle toiminnalle ja tiloille muilla alueilla on tarve, sillä hanke koskee koko koillisen suurpiirin aluetta ja suurta määrää nuoria. Toiminnan suunnittelun on tarkoitus valmistua kevään aikana, ja toiminnan alkaa alkusyksystä.<br /> </p></p>","Kulttuuri ja vapaa-aika KUVA, Nuoriso, Pohjoinen nuorisotyö, Kirsikka Linna","2025-05-14T11:24:26+03:00"
"38",198,"Sateenkaaritoimintaa koillisen alueen nuorille",35000,242,"Koillinen","Hyvinvointi","Halmetie ",60.26,25.02,"Esivalmistelu",10,"<p>Hanketta on valmisteltu yhdessä alueen nuorten kanssa. Hankketta toteuttamaan palkataan marraskuussa nuoriso-ohjaaja kuuden kuukauden määräajaksi. Ohjaaja toteuttaa sateenkaarierityistä nuorisotyötä Malmin alueella avoimessa nuorisotalotoiminnassa sekä mahdollisesti kouluissa ja oppilaitoksissa ja yhteistyökumppaneiden kanssa.</p>","<p></p>","Kulttuuri ja vapaa-aika KUVA, Nuoriso, Pohjoinen nuorisotyö, Minna Sirviö","2024-10-23T11:08:53+03:00"
"39",199,"Piknikpöytiä ja penkkejä puistoihin ja aukioille Etelä-Helsinkiin",2e+05,755,"Eteläinen","Puistot ja luonto","Töölönlahdenkatu ",60.17,24.94,"Suunnittelu",10,"<p></p>","<p></p>","Kaupunkiympäristö KYMP, Maankäyttö ja kaupunkirakenne, Kaupunkitila- ja maisemasuunnittelu","2024-10-18T12:12:35+03:00"
"40",200,"Lisää ulkokuntosaleja läntiselle suurpiirille",350000,737,"Läntinen","Ulkoilu ja liikunta","Malminkartanontie ",60.25,24.85,"Toteutus",70,"<p>Ensimmäisen ulkokuntosalin toteuttamispaikaksi on valikoitunut Pitäjänmäen jalkapallo ja yleisurheilukentän viereinen alue, joka on lähiliikuntapaikkaohjelman mukaan katvealuetta ja alueelta puuttuu kunnollinen ulkokuntosali.<br><br>Yleisurheilukentän nurkalle on sijoitettu nyt  17 uutta Omni-Gym painopakallista modernia ulkokuntoilulaitetta. Alustaksi on asennettu hiekkatekonurmi. Kuntosalin rakentaminen ja valmistuminen tapahtui loka-marraskuussa 2024 aikana. <br><br>Toinen ulkokuntosaleista tullaan toteuttamaan todennäköisesti Haagan puistoon. Puisosta laaditaan tarkempi puistosuunnitelma ja ulkokuntosali pyritään rekentamaan puistosuunnitelman mukaiseen kohtaan kesällä 2025.</p>","<p><p>Hankerahoituksella toteutettu Pitäjänmäen uusi ulkokuntosali on osoittautunut erittäin suosituksi ja on kovassa käytössä. Seuraavaksi käynnistämme Haagan puiston uuden ulkokuntosalin suunnittelun jäljellä olevien hankerahoitusten turvin. Tavoitteena on, että Haagan puiston ulkokuntosali valmistuu vuoden 2026 aikana.</p></p>","Kulttuuri ja vapaa-aika KUVA, Liikunta, Liikuntapaikat, Oleg Jauhonen","2025-05-13T13:19:15+03:00"
"41",201,"Kuntoportaat Haagan läheisyyteen - Aino Acktén puisto",250000,686,"Läntinen","Ulkoilu ja liikunta","Aino Actén puisto",60.225126,24.885812,"Suunnittelu",30,"<p>Haagan Aino Actén puisto on valittu kuntoportaiden toteutuspaikaksi. Sijainti sai ääniä sekä ehdotus- että yhteiskehittämisvaiheessa. Lisäksi Aino Actén puiston sijainti on verkostollisesta näkökulmasta sopiva suhteessa olemassa oleviin kuntoportaisiin. Kuntoportaat sijoitetaan mukailemaan vanhan hyppyrimäen yhteydessä olleita puuportaita.<br><br>Mitä tapahtuu seuraavaksi?<br><br>Hankkeesta laaditaan puisto- ja rakennussuunnitelmat.<br><br>Puistosuunnitelman esilläolon aikana kaupunkilaiset saivat kommentoida luonnosta. <br><br>Vuorovaikutuksen jälkeen suunnitelma viimeistellään ja viedään päätöksentekoon. Tämän jälkeen kuntoportaista laaditaan rakennussuunnitelmat ja niiden valmistuttua alkaa urakan valmistelu.<br><br>Puistosuunnitelman esilläolosta sekä hankkeen etenemisen tarkemmasta aikataulusta viestitään tällä sivulla. Seuraa siis ajankohtaista -ilmoituksia!</p>","<p></p>","Kaupunkiympäristö KYMP, Maankäyttö ja kaupunkirakenne, Kaupunkitila- ja maisemasuunnittelu","2025-05-06T09:55:59+03:00"
"42",202,"Kukkaloistoa ihmisille ja pölyttäjille",2e+05,630,"Itäinen","Puistot ja luonto","Naulakalliontie ",60.24,25.11,"Suunnittelu",30,"<p>Kevään yhteiskehittämisvaiheessa kaupungin asiantuntijat kävivät läpi kaikki kaupunkilaisten toiveet sijainneista kukkaloistolle. Kukkaloistoa tullaan toteuttamaan ensisijaisesti kolmelle alueelle itäisellä suurpiirillä:<br><br>1. Linnanpellonpuisto<br>2. Kurkimäenpuisto<br>3. Hiekkajaalanpuisto<br><br>Suunnitteluun sisältyy erilaisten kasvillisuusalueiden määrittäminen valikoiduille alueille. Lajivalinnoissa huomioidaan monimuotoisuus ja se pyritään totetuttamaan erilaisin ratkaisuin, esimerkiksi kukkivina niittyinä tai dynaamisia perenna-alueina. Myös kaupunkilaisten esittämät lajitoiveet huomioidaan suunnittelussa: tyrnipensaita, kirsikkapuita, valkomesikkä, mesiangervo, rohtovirmajuuri, perennoja esim. punalatavat, virginian tädykkeet, pensasruusuja, ruusuruoho, puna-apila.<br><br>Tarkempia tietoja suunnitteluratkaisuista päivitetään tälle sivulle suunnittelun edetessä. Suunnitelmien valmistumisen tavoiteaikataulu on alkuvuodesta 2025. Suunnittelun jälkeen hanke siirtyy rakennuttamiseen ja urakan valmisteluun, minkä jälkeen kukkaloistokohteet toteutetaan maastoon.<br><br>Suunnittelun aikaisesta vuorovaikutuksesta (esimerkiksi suunnitelmiin tutustumiesta ja kommentoinnista tällä sivulla) tiedotetaan vielä erikseen.</p>","<p>Itäisen suurpiirin kukkaloisto -hankkeen Kurkimäenpuiston suunnitelmat ovat viimeistelyä vaille valmiit. Voit tutustua suunnitelmaluonnokseen tämän sivun Liitteet -osion kautta. Loput kohteet valmistuvat myöhemmin.</p>","Kaupunkiympäristö KYMP, Maankäyttö ja kaupunkirakenne, Kaupunkitila- ja maisemasuunnittelu","2025-03-12T10:26:13+02:00"
"43",203,"Kukkaloistoa ihmisille ja pölyttäjille",2e+05,808,"Läntinen","Puistot ja luonto","Voimapolku ",60.224087,24.887704,"Suunnittelu",20,"<p>Kevään 2024 yhteiskehittämisen jälkeen kaupungin asiantuntijat kävivät läpi kaikki kaupunkilaisten toivomat sijainnit. Sijaintitoiveista valikoitui seuraavat paikat kukkaloisto-ehdotukselle:<br><br>1. Aino Acktén puistoalue<br><br>Suunnitteluun sisältyy erilaisten kasvillisuusalueiden määrittäminen valikoiduille alueille. Lajivalinnoissa huomioidaan monimuotoisuus ja se pyritään totetuttamaan erilaisin ratkaisuin, esimerkiksi kukkivina niittyinä tai dynaamisia perenna-alueina. Kasvivalinnoissa otetaan huomioon myös eri alueiden väliset yhteydet ja pyritään varmistamaan, että kukinta kestää koko kasvukauden. <br><br>Tarkempia tietoja suunnitteluratkaisuista päivitetään tälle sivulle suunnittelun edetessä. Suunnitelmien valmistumisen tavoiteaikataulu on alkuvuodesta 2025. Suunnittelun jälkeen hanke siirtyy rakennuttamiseen ja urakan valmisteluun, minkä jälkeen kukkaloistokohteet toteutetaan maastoon.<br><br>Suunnittelun aikaisesta vuorovaikutuksesta (esimerkiksi suunnitelmiin tutustumiesta ja kommentoinnista tällä sivulla) tiedotetaan vielä erikseen.</p>","<p></p>","Kaupunkiympäristö KYMP, Maankäyttö ja kaupunkirakenne, Kaupunkitila- ja maisemasuunnittelu","2025-01-30T08:37:04+02:00"
"44",204,"Lisää vehreyttä Kallion, Harjun, Sörnäisten ja Vallilan alueille!",661605,1441,"Keskinen","Puistot ja luonto","Kangasalantie ",60.2,24.96,"Esivalmistelu",5,"<p>Hankkeessa valitaan noin 2-5 viherryttämiskohdetta edellisellä OmaStadi-kierroksella laaditun konseptiraportin kohteista ja toteutetaan ne maastoon. Kohteet kaupunki valitsee toteutettavuuden mukaan, huomioiden muut alueella käynnissä olevat ja tulevat suunnittelu- ja rakentamishankkeet, ja pyrkii toteuttamaan tässä OmaStadi-hankkeessa erityisesti sellaisia kohteita, joihin ei lähitulevaisuudessa ole muuten luvassa vihreyttä lisääviä toimenpiteitä esim. perusparannushankkeiden kautta.<br> <br>Hankkeen suunnittelu käynnistyy vuoden 2025 alkupuolella, ja kohteet rakennetaan vuoden 2026 aikana. Suunnittelun tarkemmasta etenemisestä, toteutettavien kohteiden valinnasta, sekä viherrytyskohteiden toteutuksesta suunnittelun jälkeen tiedotetaan tällä sivulla.<br> <br>Tämän OmaStadi-hankkeen lisäksi osa edellisellä OmaStadi-kierroksella laaditun konseptiraportin viherryttämiskohteista on jo toteutettu osana kaupungin muuta katurakentamista, osallistuvan budjetoinnin ulkopuolisella rahoituksella.</p>","<p><h3><strong>Tule, koe ja ihastu pop up -puistoon Kaupunkiympäristötalon aulassa 19.-22.5.2025!</strong></h3><p>Rakennamme maanantaina 19.5. vehreän ja kukkivan pop up -puiston Kaupunkiympäristötalon aulan näyttelytilaan.</p><p>Ihastuttavan minipuistokokemuksen lisäksi tarjolla on tietoa mm. kaupungin kasvillisuudesta ja istutuksissa käytettävistä lajeista. Voit myös äänestää suosikkikasviasi ja saada tietoa Omastadin seuraavasta kierroksesta. Pääset tutustumaan pop up -puistoon KYMP-talon aukioloaikoina klo 8.00-16.00. Puisto puretaan 23.5. perjantaina.</p><p>Lämpimästi tervetuloa!</p></p>","Kaupunkiympäristö KYMP, Maankäyttö ja kaupunkirakenne, Kaupunkitila- ja maisemasuunnittelu","2025-05-05T14:08:49+03:00"
"45",205,"Kontulan ostarista koko Helsingin kulttuuriostari",3e+05,592,"Itäinen","Kulttuuri","Kontulankaari ",60.24,25.08,"Toteutus",5,"<p>Kontulan kulttuuriostari -hanke antaa tukea erikokoisten kulttuuritapahtumien ideoinnissa ja organisoinnissa. Se tarjoaa mahdollisuuksia kulttuurielämysten järjestämiseen kaikille alueen asukkaille ja toimijoille matalalla kynnyksellä, nostaen esiin ja tuoden yhteen Kontulan ainutlaatuisen mahtavaa, moniäänistä yhteisöä. <br><br>Haluaisitko sinä järjestää Kontulan ostarilla tapahtuman? Tarjoamme niin rahallista kuin muutakin tukea sen järjestämiseen. <br><br>Meidät tavoittaa sähköpostitse kulttuuriostari@hel.fi. Lisätietoa saat Kontulan kulttuuriostarin sivuilta osoitteesta https://www.hel.fi/fi/kulttuuri-ja-vapaa-aika/kontulan-kulttuuriostari</p>","<p></p>","Kulttuuri ja vapaa-aika KUVA, Kirjasto, Aluekirjastopalvelut, Anu Satukangas","2025-01-21T14:59:33+02:00"
